Default Report,,,,,,,
Last Modified: 2017-09-11 11:56:57 MDT,,,,,,,
Q1 - What is your netid?,,,,,,,
What is your netid?,,,,,,,
alm117,,,,,,,
aet31,,,,,,,
zda2,,,,,,,
cas158,,,,,,,
Kgh14,,,,,,,
dc271,,,,,,,
Dt138,,,,,,,
ijs5,,,,,,,
sh404,,,,,,,
ypp3,,,,,,,
afm28,,,,,,,
ecp25,,,,,,,
eam89,,,,,,,
cyc25,,,,,,,
gid,,,,,,,
Zas13,,,,,,,
Smp81,,,,,,,
dmr49,,,,,,,
yc298,,,,,,,
bhg10,,,,,,,
al325 ,,,,,,,
ezp3,,,,,,,
all344,,,,,,,
240014,,,,,,,
lmv17,,,,,,,
jsc84,,,,,,,
mcr43,,,,,,,
Hlee28,,,,,,,
Ssg26,,,,,,,
Ssg26,,,,,,,
Bab97,,,,,,,
vs143,,,,,,,
vl54,,,,,,,
jh556,,,,,,,
eg158,,,,,,,
kt192,,,,,,,
ajm126,,,,,,,
lz138,,,,,,,
Ct218,,,,,,,
bp120,,,,,,,
Ans71,,,,,,,
ds416,,,,,,,
rcc24,,,,,,,
js732,,,,,,,
tp158,,,,,,,
epd11,,,,,,,
jnc42,,,,,,,
clt46,,,,,,,
amp87,,,,,,,
wim3,,,,,,,
ans71,,,,,,,
Ln77,,,,,,,
cm424,,,,,,,
ch284,,,,,,,
ak454,,,,,,,
lnm22,,,,,,,
vsk6,,,,,,,
ca161,,,,,,,
mls124,,,,,,,
wyz5,,,,,,,
anm49,,,,,,,
emg64,,,,,,,
sk546,,,,,,,
Cbo12,,,,,,,
pt77,,,,,,,
av168,,,,,,,
lng11,,,,,,,
nbi2,,,,,,,
ger11,,,,,,,
djs81,,,,,,,
Aea42,,,,,,,
73661,,,,,,,
sas155,,,,,,,
Tar28,,,,,,,
tsh31,,,,,,,
ac523,,,,,,,
zn15,,,,,,,
Jbk41,,,,,,,
74071,,,,,,,
ns226,,,,,,,
ekl14,,,,,,,
jbs82,,,,,,,
236808,,,,,,,
skh32,,,,,,,
aib8,,,,,,,
aef35,,,,,,,
mly12,,,,,,,
bep17,,,,,,,
az95,,,,,,,
tej14,,,,,,,
dmp54,,,,,,,
rc263,,,,,,,
dmh58,,,,,,,
vn39,,,,,,,
kes102,,,,,,,
mi46,,,,,,,
hl295,,,,,,,
Jwh62,,,,,,,
jer67,,,,,,,
sml73,,,,,,,
mak100,,,,,,,
ljz3,,,,,,,
cs493,,,,,,,
mnp16,,,,,,,
db293,,,,,,,
coc5,,,,,,,
jrf36,,,,,,,
yk174,,,,,,,
enb19,,,,,,,
rr202,,,,,,,
jgp22,,,,,,,
Jp375,,,,,,,
acm92,,,,,,,
zel4,,,,,,,
sck21,,,,,,,
jsf27,,,,,,,
bj75,,,,,,,
tf89,,,,,,,
Gg107,,,,,,,
Ww122,,,,,,,
nrc24,,,,,,,
ago11,,,,,,,
CAK49,,,,,,,
lz140,,,,,,,
Maz16,,,,,,,
mhw27,,,,,,,
dje22,,,,,,,
btw19,,,,,,,
Jcl73,,,,,,,
hdw7,,,,,,,
gpj5,,,,,,,
Msi6,,,,,,,
Bk148,,,,,,,
mep75,,,,,,,
sme47,,,,,,,
imd9,,,,,,,
sra40,,,,,,,
pcv6,,,,,,,
taa26,,,,,,,
239285,,,,,,,
mg367,,,,,,,
aer52,,,,,,,
yj102,,,,,,,
jll63,,,,,,,
73777,,,,,,,
jpr31,,,,,,,
plk6,,,,,,,
ls301,,,,,,,
Je116,,,,,,,
chl25,,,,,,,
rlh52,,,,,,,
Smt73,,,,,,,
tad35,,,,,,,
shc36,,,,,,,
Srb71,,,,,,,
sk532,,,,,,,
ad356,,,,,,,
Jmt87,,,,,,,
Lh260,,,,,,,
cll58,,,,,,,
sha17,,,,,,,
236891,,,,,,,
man48,,,,,,,
ck214,,,,,,,
syl15,,,,,,,
bs267,,,,,,,
dmn11,,,,,,,
usp2,,,,,,,
bp125,,,,,,,
Jbd39,,,,,,,
adf31,,,,,,,
nht5,,,,,,,
na148,,,,,,,
Sek35,,,,,,,
dwr11,,,,,,,
sn189,,,,,,,
smk61,,,,,,,
sjm48,,,,,,,
aln22,,,,,,,
kmc113,,,,,,,
cab139,,,,,,,
Clh91,,,,,,,
tm247,,,,,,,
adk34,,,,,,,
zek2,,,,,,,
amk96,,,,,,,
rb314,,,,,,,
pl135,,,,,,,
caw93,,,,,,,
gem23,,,,,,,
Smm142,,,,,,,
ak467,,,,,,,
mo126,,,,,,,
Hvf2,,,,,,,
aeb88,,,,,,,
ocl3,,,,,,,
ac545,,,,,,,
ntd6,,,,,,,
Sr325,,,,,,,
mea39,,,,,,,
ay87,,,,,,,
Jem110,,,,,,,
sw352,,,,,,,
Brh31,,,,,,,
ceo26,,,,,,,
Pb147,,,,,,,
kzc3,,,,,,,
iea7,,,,,,,
mcw66,,,,,,,
cwb19,,,,,,,
jas244,,,,,,,
sk530,,,,,,,
nac38,,,,,,,
fbg9,,,,,,,
rfr8,,,,,,,
Jrs134,,,,,,,
aig9,,,,,,,
Ce86,,,,,,,
mtz4,,,,,,,
Ct218,,,,,,,
lfs20,,,,,,,
aab73,,,,,,,
Tgh16,,,,,,,
Rsc36,,,,,,,
Mk363,,,,,,,
nl149,,,,,,,
Ccw43,,,,,,,
vlw9,,,,,,,
orb,,,,,,,
sel50,,,,,,,
Lbj7,,,,,,,
vtn3,,,,,,,
js607,,,,,,,
nl148,,,,,,,
fsd2,,,,,,,
eh192,,,,,,,
dg189,,,,,,,
Da154,,,,,,,
aja40,,,,,,,
gyc4,,,,,,,
tw194,,,,,,,
eyc8,,,,,,,
Jl783,,,,,,,
Cwr14,,,,,,,
ap427,,,,,,,
tgj5,,,,,,,
lml55,,,,,,,
ves11,,,,,,,
ccd32,,,,,,,
and36,,,,,,,
ak445,,,,,,,
tra17,,,,,,,
Mec89,,,,,,,
ng140,,,,,,,
nnk10,,,,,,,
ec320,,,,,,,
jz192,,,,,,,
pcf7,,,,,,,
Mmg48,,,,,,,
jrs117,,,,,,,
Cmb144,,,,,,,
Jej34,,,,,,,
rb304,,,,,,,
jh540,,,,,,,
Rjw29,,,,,,,
hc210,,,,,,,
gc145,,,,,,,
ob29,,,,,,,
ehk9,,,,,,,
Rvg3,,,,,,,
dbg17,,,,,,,
Ams226,,,,,,,
sdk18,,,,,,,
arh75,,,,,,,
taw32,,,,,,,
lml53,,,,,,,
dc268,,,,,,,
emw61,,,,,,,
mc549,,,,,,,
ntm8,,,,,,,
Q27 - Are you enrolling in Trinity College of Arts and Sciences or the Pratt School of Engineering?,,,,,,,
#,Answer,%,Count,,,,
1,Trinity,82.14%,230,,,,
2,Pratt,17.86%,50,,,,
,Total,100%,280,,,,
Q2 - What is your race or ethnicity?,,,,,,,
#,Answer,%,Count,,,,
1,White,41.79%,117,,,,
2,Black or African American,9.29%,26,,,,
3,Hispanic or Latinx,12.14%,34,,,,
4,Native American or Alaska Native,0.71%,2,,,,
5,Asian,31.07%,87,,,,
6,Native Hawaiian or Pacific Islander,0.00%,0,,,,
7,Other,5.00%,14,,,,
,Total,100%,280,,,,
Q3 - Do you currently live in the United States?,,,,,,,
#,Answer,%,Count,,,,
1,Yes,89.64%,251,,,,
2,No,10.36%,29,,,,
,Total,100%,280,,,,
Q6 - Which state do you live in (please enter the postal abbreviation)?,,,,,,,
Which state do you live in (please enter the postal abbreviation)?,,,,,,,
WV,,,,,,,
WI,,,,,,,
WI,,,,,,,
WA,,,,,,,
WA,,,,,,,
WA,,,,,,,
WA,,,,,,,
VI,,,,,,,
VA,,,,,,,
Va,,,,,,,
VA,,,,,,,
VA,,,,,,,
VA,,,,,,,
VA,,,,,,,
VA,,,,,,,
VA,,,,,,,
VA,,,,,,,
vA,,,,,,,
VA,,,,,,,
VA,,,,,,,
VA,,,,,,,
VA,,,,,,,
VA,,,,,,,
VA,,,,,,,
Va,,,,,,,
TX,,,,,,,
TX,,,,,,,
TX,,,,,,,
Tx,,,,,,,
TX,,,,,,,
tx,,,,,,,
TX,,,,,,,
TX,,,,,,,
TX,,,,,,,
TX,,,,,,,
TX,,,,,,,
TX,,,,,,,
TX,,,,,,,
Tx,,,,,,,
TX,,,,,,,
TN,,,,,,,
TN,,,,,,,
SC,,,,,,,
SC,,,,,,,
SC,,,,,,,
SC,,,,,,,
SC,,,,,,,
SC,,,,,,,
SC,,,,,,,
PA,,,,,,,
PA,,,,,,,
PA,,,,,,,
PA,,,,,,,
PA,,,,,,,
PA,,,,,,,
PA,,,,,,,
OR,,,,,,,
OR,,,,,,,
OH,,,,,,,
OH,,,,,,,
OH,,,,,,,
OH,,,,,,,
OH,,,,,,,
NY,,,,,,,
NY,,,,,,,
NY,,,,,,,
NY,,,,,,,
NY,,,,,,,
NY,,,,,,,
NY,,,,,,,
NY,,,,,,,
NY,,,,,,,
NY,,,,,,,
NY,,,,,,,
NY,,,,,,,
NY,,,,,,,
NY,,,,,,,
NY,,,,,,,
NY,,,,,,,
NY,,,,,,,
NV,,,,,,,
NJ,,,,,,,
NJ,,,,,,,
NJ,,,,,,,
NJ,,,,,,,
NJ,,,,,,,
NJ,,,,,,,
NC,,,,,,,
NC,,,,,,,
NC,,,,,,,
NC,,,,,,,
NC,,,,,,,
NC,,,,,,,
NC,,,,,,,
NC,,,,,,,
NC,,,,,,,
NC,,,,,,,
NC,,,,,,,
NC,,,,,,,
NC,,,,,,,
NC,,,,,,,
NC,,,,,,,
NC,,,,,,,
NC,,,,,,,
NC,,,,,,,
NC,,,,,,,
NC,,,,,,,
Nc,,,,,,,
NC,,,,,,,
NC,,,,,,,
NC,,,,,,,
NC,,,,,,,
NC,,,,,,,
NC,,,,,,,
NC,,,,,,,
NC,,,,,,,
NC,,,,,,,
NC,,,,,,,
NC,,,,,,,
NC,,,,,,,
NC,,,,,,,
NC,,,,,,,
NC,,,,,,,
NC,,,,,,,
NC,,,,,,,
NC,,,,,,,
NC,,,,,,,
NC,,,,,,,
NC,,,,,,,
NC,,,,,,,
NC,,,,,,,
NC,,,,,,,
MO,,,,,,,
MO,,,,,,,
MO,,,,,,,
MN,,,,,,,
MI,,,,,,,
MI,,,,,,,
Mi,,,,,,,
MI,,,,,,,
MI,,,,,,,
MD,,,,,,,
MD,,,,,,,
MD,,,,,,,
MD,,,,,,,
MD,,,,,,,
MD,,,,,,,
MD,,,,,,,
MD,,,,,,,
MD,,,,,,,
MA,,,,,,,
MA,,,,,,,
MA,,,,,,,
MA,,,,,,,
MA,,,,,,,
MA,,,,,,,
MA,,,,,,,
LA,,,,,,,
KY,,,,,,,
Ky,,,,,,,
IN,,,,,,,
IN,,,,,,,
IL,,,,,,,
IL,,,,,,,
IL,,,,,,,
IL,,,,,,,
IL,,,,,,,
IL,,,,,,,
IL,,,,,,,
IL,,,,,,,
IL,,,,,,,
IL,,,,,,,
IA,,,,,,,
HI,,,,,,,
GA,,,,,,,
GA,,,,,,,
GA,,,,,,,
GA,,,,,,,
GA,,,,,,,
GA,,,,,,,
GA,,,,,,,
GA,,,,,,,
GA,,,,,,,
GA,,,,,,,
GA,,,,,,,
GA,,,,,,,
FL,,,,,,,
FL,,,,,,,
FL,,,,,,,
FL,,,,,,,
FL,,,,,,,
FL,,,,,,,
Fl,,,,,,,
FL,,,,,,,
FL,,,,,,,
Fl,,,,,,,
FL,,,,,,,
FL,,,,,,,
FL,,,,,,,
FL,,,,,,,
FL,,,,,,,
FL,,,,,,,
FL,,,,,,,
FL,,,,,,,
FL,,,,,,,
FL,,,,,,,
FL,,,,,,,
FL,,,,,,,
FL,,,,,,,
FL,,,,,,,
FL,,,,,,,
FL,,,,,,,
FL,,,,,,,
DE,,,,,,,
CT,,,,,,,
CO,,,,,,,
CO,,,,,,,
CO,,,,,,,
CO,,,,,,,
CO,,,,,,,
CO,,,,,,,
CA,,,,,,,
CA,,,,,,,
CA,,,,,,,
CA,,,,,,,
CA,,,,,,,
CA,,,,,,,
CA,,,,,,,
CA,,,,,,,
CA,,,,,,,
CA,,,,,,,
CA,,,,,,,
CA,,,,,,,
CA,,,,,,,
CA,,,,,,,
CA,,,,,,,
AZ,,,,,,,
AZ,,,,,,,
AZ,,,,,,,
AZ,,,,,,,
AR,,,,,,,
AR,,,,,,,
AL,,,,,,,
Al,,,,,,,
AL,,,,,,,
AL,,,,,,,
FL,,,,,,,
NY,,,,,,,
NC,,,,,,,
MD,,,,,,,
NC,,,,,,,
NC,,,,,,,
NC,,,,,,,
NY,,,,,,,
FL,,,,,,,
NC,,,,,,,
VI,,,,,,,
TX,,,,,,,
GA,,,,,,,
OH,,,,,,,
AZ,,,,,,,
MO,,,,,,,
FL,,,,,,,
NY,,,,,,,
WA,,,,,,,
CA,,,,,,,
CA,,,,,,,
FL,,,,,,,
FL,,,,,,,
NJ,,,,,,,
Tx,,,,,,,
NY,,,,,,,
LA,,,,,,,
CA,,,,,,,
Va,,,,,,,
NC,,,,,,,
NC,,,,,,,
IL,,,,,,,
NC,,,,,,,
GA,,,,,,,
VA,,,,,,,
NY,,,,,,,
FL,,,,,,,
TN,,,,,,,
MD,,,,,,,
NC,,,,,,,
MD,,,,,,,
FL,,,,,,,
NC,,,,,,,
TX,,,,,,,
CA,,,,,,,
NC,,,,,,,
NC,,,,,,,
MA,,,,,,,
TX,,,,,,,
FL,,,,,,,
PA,,,,,,,
NC,,,,,,,
IL,,,,,,,
CA,,,,,,,
CA,,,,,,,
CA,,,,,,,
FL,,,,,,,
MD,,,,,,,
VA,,,,,,,
GA,,,,,,,
MI,,,,,,,
FL,,,,,,,
NC,,,,,,,
MD,,,,,,,
CT,,,,,,,
NC,,,,,,,
GA,,,,,,,
NY,,,,,,,
NC,,,,,,,
NY,,,,,,,
FL,,,,,,,
AL,,,,,,,
NC,,,,,,,
CO,,,,,,,
IL,,,,,,,
NC,,,,,,,
IA,,,,,,,
MO,,,,,,,
PA,,,,,,,
GA,,,,,,,
FL,,,,,,,
IL,,,,,,,
TX,,,,,,,
NC,,,,,,,
Ky,,,,,,,
FL,,,,,,,
NJ,,,,,,,
IN,,,,,,,
AR,,,,,,,
NC,,,,,,,
MD,,,,,,,
NY,,,,,,,
AZ,,,,,,,
MA,,,,,,,
FL,,,,,,,
NC,,,,,,,
FL,,,,,,,
CO,,,,,,,
MO,,,,,,,
FL,,,,,,,
NC,,,,,,,
IL,,,,,,,
TX,,,,,,,
MA,,,,,,,
NY,,,,,,,
VA,,,,,,,
MD,,,,,,,
NC,,,,,,,
FL,,,,,,,
MI,,,,,,,
NY,,,,,,,
WI,,,,,,,
VA,,,,,,,
NC,,,,,,,
NY,,,,,,,
VA,,,,,,,
NY,,,,,,,
VA,,,,,,,
PA,,,,,,,
GA,,,,,,,
Fl,,,,,,,
SC,,,,,,,
Nc,,,,,,,
vA,,,,,,,
NY,,,,,,,
NC,,,,,,,
PA,,,,,,,
CO,,,,,,,
NC,,,,,,,
OR,,,,,,,
NC,,,,,,,
VA,,,,,,,
IL,,,,,,,
FL,,,,,,,
NC,,,,,,,
WV,,,,,,,
TX,,,,,,,
VA,,,,,,,
TX,,,,,,,
AL,,,,,,,
GA,,,,,,,
CA,,,,,,,
SC,,,,,,,
VA,,,,,,,
FL,,,,,,,
NY,,,,,,,
IL,,,,,,,
CA,,,,,,,
IL,,,,,,,
NY,,,,,,,
CA,,,,,,,
CA,,,,,,,
NY,,,,,,,
GA,,,,,,,
HI,,,,,,,
Fl,,,,,,,
MD,,,,,,,
MD,,,,,,,
NY,,,,,,,
AZ,,,,,,,
WA,,,,,,,
VA,,,,,,,
IL,,,,,,,
MN,,,,,,,
VA,,,,,,,
TX,,,,,,,
IL,,,,,,,
OH,,,,,,,
CA,,,,,,,
VA,,,,,,,
tx,,,,,,,
NJ,,,,,,,
OH,,,,,,,
NC,,,,,,,
VA,,,,,,,
NC,,,,,,,
WA,,,,,,,
NC,,,,,,,
NJ,,,,,,,
CA,,,,,,,
Al,,,,,,,
Mi,,,,,,,
NC,,,,,,,
GA,,,,,,,
WI,,,,,,,
NC,,,,,,,
TX,,,,,,,
CA,,,,,,,
AR,,,,,,,
Va,,,,,,,
VA,,,,,,,
Tx,,,,,,,
FL,,,,,,,
TX,,,,,,,
MA,,,,,,,
NJ,,,,,,,
PA,,,,,,,
NC,,,,,,,
SC,,,,,,,
NC,,,,,,,
NV,,,,,,,
NC,,,,,,,
KY,,,,,,,
NC,,,,,,,
NC,,,,,,,
GA,,,,,,,
CO,,,,,,,
NC,,,,,,,
TX,,,,,,,
MA,,,,,,,
FL,,,,,,,
SC,,,,,,,
PA,,,,,,,
GA,,,,,,,
MA,,,,,,,
FL,,,,,,,
NC,,,,,,,
MA,,,,,,,
OH,,,,,,,
CA,,,,,,,
GA,,,,,,,
CO,,,,,,,
FL,,,,,,,
NC,,,,,,,
PA,,,,,,,
MI,,,,,,,
NJ,,,,,,,
DE,,,,,,,
TN,,,,,,,
OH,,,,,,,
NC,,,,,,,
SC,,,,,,,
CO,,,,,,,
AL,,,,,,,
WA,,,,,,,
MI,,,,,,,
SC,,,,,,,
FL,,,,,,,
NC,,,,,,,
IN,,,,,,,
SC,,,,,,,
NC,,,,,,,
FL,,,,,,,
AZ,,,,,,,
TX,,,,,,,
OR,,,,,,,
Q4 - What is the zip code of your home address?,,,,,,,
What is the zip code of your home address?,,,,,,,
33178,,,,,,,
10597,,,,,,,
28210,,,,,,,
20854,,,,,,,
27713,,,,,,,
27518,,,,,,,
27604,,,,,,,
10075,,,,,,,
32605,,,,,,,
27519,,,,,,,
831,,,,,,,
75252,,,,,,,
30043,,,,,,,
44130,,,,,,,
85253,,,,,,,
63368,,,,,,,
34773,,,,,,,
10506,,,,,,,
98006,,,,,,,
94117,,,,,,,
95136,,,,,,,
33332,,,,,,,
33146,,,,,,,
8502,,,,,,,
77023,,,,,,,
70503,,,,,,,
92620,,,,,,,
20147,,,,,,,
28115,,,,,,,
28215,,,,,,,
60031,,,,,,,
28104,,,,,,,
31721,,,,,,,
24019,,,,,,,
10533,,,,,,,
33331,,,,,,,
38117,,,,,,,
20854,,,,,,,
28215,,,,,,,
33136,,,,,,,
27516,,,,,,,
77077,,,,,,,
94306,,,,,,,
28277,,,,,,,
27516,,,,,,,
1810,,,,,,,
75229,,,,,,,
33143,,,,,,,
19073,,,,,,,
28173,,,,,,,
60193,,,,,,,
90275,,,,,,,
94941,,,,,,,
91361,,,,,,,
33162,,,,,,,
20816,,,,,,,
22046,,,,,,,
30327,,,,,,,
49085,,,,,,,
32839,,,,,,,
27514,,,,,,,
20841,,,,,,,
6410,,,,,,,
27708,,,,,,,
30241,,,,,,,
11746,,,,,,,
27516,,,,,,,
11724,,,,,,,
32708,,,,,,,
36117,,,,,,,
27560,,,,,,,
81321,,,,,,,
60089,,,,,,,
27514,,,,,,,
52556,,,,,,,
63304,,,,,,,
19063,,,,,,,
31904,,,,,,,
33483,,,,,,,
61073,,,,,,,
75225,,,,,,,
28210,,,,,,,
40243,,,,,,,
34689,,,,,,,
7076,,,,,,,
46234,,,,,,,
72118,,,,,,,
28226,,,,,,,
21211,,,,,,,
11598,,,,,,,
85286,,,,,,,
1776,,,,,,,
34221,,,,,,,
27705,,,,,,,
33991,,,,,,,
80227,,,,,,,
63141,,,,,,,
33545,,,,,,,
28277,,,,,,,
60089,,,,,,,
75019,,,,,,,
2445,,,,,,,
10128,,,,,,,
22102,,,,,,,
21029,,,,,,,
27410,,,,,,,
34480,,,,,,,
48009,,,,,,,
10075,,,,,,,
53719,,,,,,,
23456,,,,,,,
27358,,,,,,,
12540,,,,,,,
23229,,,,,,,
11746,,,,,,,
20175,,,,,,,
19046,,,,,,,
30188,,,,,,,
32814,,,,,,,
29204,,,,,,,
28277,,,,,,,
22989,,,,,,,
11530,,,,,,,
28036,,,,,,,
16124,,,,,,,
80631,,,,,,,
27205,,,,,,,
97381,,,,,,,
27613,,,,,,,
22030,,,,,,,
60035,,,,,,,
32601,,,,,,,
27104,,,,,,,
25701,,,,,,,
77082,,,,,,,
22015,,,,,,,
75070,,,,,,,
35243,,,,,,,
30096,,,,,,,
91302,,,,,,,
29681,,,,,,,
23233,,,,,,,
33068,,,,,,,
11554,,,,,,,
60061,,,,,,,
94925,,,,,,,
60067,,,,,,,
94022,,,,,,,
92883,,,,,,,
10573,,,,,,,
30341,,,,,,,
96761,,,,,,,
33756,,,,,,,
20874,,,,,,,
20850,,,,,,,
11021,,,,,,,
85286,,,,,,,
98075,,,,,,,
22101,,,,,,,
60546,,,,,,,
55311,,,,,,,
22193,,,,,,,
77479,,,,,,,
60523,,,,,,,
43035,,,,,,,
94027,,,,,,,
22207,,,,,,,
75039,,,,,,,
8540,,,,,,,
44122,,,,,,,
28079,,,,,,,
23113,,,,,,,
27613,,,,,,,
98006,,,,,,,
28144,,,,,,,
8873,,,,,,,
95065,,,,,,,
35802,,,,,,,
48083,,,,,,,
27265,,,,,,,
30097,,,,,,,
53217,,,,,,,
28210,,,,,,,
78046,,,,,,,
91104,,,,,,,
72758,,,,,,,
20147,,,,,,,
23464,,,,,,,
75230,,,,,,,
32082,,,,,,,
75039,,,,,,,
1940,,,,,,,
7062,,,,,,,
19438,,,,,,,
27265,,,,,,,
29715,,,,,,,
28269,,,,,,,
89178,,,,,,,
28147,,,,,,,
41240,,,,,,,
27103,,,,,,,
27707,,,,,,,
30721,,,,,,,
80239,,,,,,,
27614,,,,,,,
75002,,,,,,,
1886,,,,,,,
33314,,,,,,,
29072,,,,,,,
18031,,,,,,,
30224,,,,,,,
2601,,,,,,,
34109,,,,,,,
27858,,,,,,,
1827,,,,,,,
43085,,,,,,,
92026,,,,,,,
39828,,,,,,,
80023,,,,,,,
34655,,,,,,,
28557,,,,,,,
17403,,,,,,,
48603,,,,,,,
7924,,,,,,,
19711,,,,,,,
37217,,,,,,,
45014,,,,,,,
28152,,,,,,,
29630,,,,,,,
80525,,,,,,,
35216,,,,,,,
98422,,,,,,,
48302,,,,,,,
29306,,,,,,,
32789,,,,,,,
27705,,,,,,,
46077,,,,,,,
29388,,,,,,,
28173,,,,,,,
33158,,,,,,,
85718,,,,,,,
75093,,,,,,,
97229,,,,,,,
Q7 - What is your home city?,,,,,,,
What is your home city?,,,,,,,
Dar-es-Salaam,,,,,,,
Ankara,,,,,,,
Istanbul,,,,,,,
Rio de Janeiro,,,,,,,
Lima,,,,,,,
Seoul,,,,,,,
kigali,,,,,,,
New Delhi,,,,,,,
Mumbai,,,,,,,
Dhaka,,,,,,,
Bangkok,,,,,,,
Parbat,,,,,,,
Singapore,,,,,,,
Boston,,,,,,,
London,,,,,,,
Oakville,,,,,,,
Tokyo,,,,,,,
Lagos/London,,,,,,,
London,,,,,,,
Shanghai,,,,,,,
Sydney,,,,,,,
Amsterdam,,,,,,,
Taipei,,,,,,,
Ufa ,,,,,,,
Lagos,,,,,,,
Porto Alegre,,,,,,,
Johannesburg,,,,,,,
Singapore,,,,,,,
Bangalore ,,,,,,,
Q8 - What is your home country?,,,,,,,
#,Answer,%,Count,,,,
1,Afghanistan,0.00%,0,,,,
2,Albania,0.00%,0,,,,
3,Algeria,0.00%,0,,,,
4,Andorra,0.00%,0,,,,
5,Angola,0.00%,0,,,,
6,Antigua and Barbuda,0.00%,0,,,,
7,Argentina,0.00%,0,,,,
8,Armenia,0.00%,0,,,,
9,Aruba,0.00%,0,,,,
10,Australia,3.57%,1,,,,
11,Austria,0.00%,0,,,,
12,Azerbaijan,0.00%,0,,,,
13,"Bahamas, The",0.00%,0,,,,
14,Bahrain,0.00%,0,,,,
15,Bangladesh,3.57%,1,,,,
16,Barbados,0.00%,0,,,,
17,Belarus,0.00%,0,,,,
18,Belgium,0.00%,0,,,,
19,Belize,0.00%,0,,,,
20,Benin,0.00%,0,,,,
21,Bhutan,0.00%,0,,,,
22,Bolivia,0.00%,0,,,,
23,Bosnia and Herzegovina,0.00%,0,,,,
24,Botswana,0.00%,0,,,,
25,Brazil,7.14%,2,,,,
26,Brunei,0.00%,0,,,,
27,Bulgaria,0.00%,0,,,,
28,Burkina Faso,0.00%,0,,,,
29,Burma,0.00%,0,,,,
30,Burundi,0.00%,0,,,,
31,Cambodia,0.00%,0,,,,
32,Cameroon,0.00%,0,,,,
33,Canada,3.57%,1,,,,
34,Cabo Verde,0.00%,0,,,,
35,Central African Republic,0.00%,0,,,,
36,Chad,0.00%,0,,,,
37,Chile,0.00%,0,,,,
38,China,3.57%,1,,,,
39,Colombia,0.00%,0,,,,
40,Comoros,0.00%,0,,,,
41,"Congo, Democratic Republic of the",0.00%,0,,,,
42,"Congo, Republic of the",0.00%,0,,,,
43,Costa Rica,0.00%,0,,,,
44,Cote d'Ivoire,0.00%,0,,,,
45,Croatia,0.00%,0,,,,
46,Cuba,0.00%,0,,,,
47,Curacao,0.00%,0,,,,
48,Cyprus,0.00%,0,,,,
49,Czechia,0.00%,0,,,,
50,Denmark,0.00%,0,,,,
51,Djibouti,0.00%,0,,,,
52,Dominica,0.00%,0,,,,
53,Dominican Republic,0.00%,0,,,,
54,East Timor,0.00%,0,,,,
55,Ecuador,0.00%,0,,,,
56,Egypt,0.00%,0,,,,
57,El Salvador,0.00%,0,,,,
58,Equatorial Guinea,0.00%,0,,,,
59,Eritrea,0.00%,0,,,,
60,Estonia,0.00%,0,,,,
61,Ethiopia,0.00%,0,,,,
62,Fiji,0.00%,0,,,,
63,Finland,0.00%,0,,,,
64,France,0.00%,0,,,,
65,Gabon,0.00%,0,,,,
66,"Gambia, The",0.00%,0,,,,
67,Georgia,0.00%,0,,,,
68,Germany,0.00%,0,,,,
69,Ghana,0.00%,0,,,,
70,Greece,0.00%,0,,,,
71,Grenada,0.00%,0,,,,
72,Guatemala,0.00%,0,,,,
73,Guinea,0.00%,0,,,,
74,Guinea-Bissau,0.00%,0,,,,
75,Guyana,0.00%,0,,,,
76,Haiti,0.00%,0,,,,
77,Holy See,0.00%,0,,,,
78,Honduras,0.00%,0,,,,
79,Hong Kong,0.00%,0,,,,
80,Hungary,0.00%,0,,,,
81,Iceland,0.00%,0,,,,
82,India,10.71%,3,,,,
83,Indonesia,0.00%,0,,,,
84,Iran,0.00%,0,,,,
85,Iraq,0.00%,0,,,,
86,Ireland,0.00%,0,,,,
87,Israel,0.00%,0,,,,
88,Italy,0.00%,0,,,,
89,Jamaica,0.00%,0,,,,
90,Japan,3.57%,1,,,,
91,Jordan,0.00%,0,,,,
92,Kazakhstan,0.00%,0,,,,
93,Kenya,0.00%,0,,,,
94,Kiribati,0.00%,0,,,,
95,"Korea, North",0.00%,0,,,,
96,"Korea, South",3.57%,1,,,,
97,Kosovo,0.00%,0,,,,
98,Kuwait,0.00%,0,,,,
99,Kyrgyzstan,0.00%,0,,,,
100,Laos,0.00%,0,,,,
101,Latvia,0.00%,0,,,,
102,Lebanon,0.00%,0,,,,
103,Lesotho,0.00%,0,,,,
104,Liberia,0.00%,0,,,,
105,Libya,0.00%,0,,,,
106,Liechtenstein,0.00%,0,,,,
107,Lithuania,0.00%,0,,,,
108,Luxembourg,0.00%,0,,,,
109,Macau,0.00%,0,,,,
110,Macedonia,0.00%,0,,,,
111,Madagascar,0.00%,0,,,,
112,Malawi,0.00%,0,,,,
113,Malaysia,0.00%,0,,,,
114,Maldives,0.00%,0,,,,
115,Mali,0.00%,0,,,,
116,Malta,0.00%,0,,,,
117,Marshall Islands,0.00%,0,,,,
118,Mauritania,0.00%,0,,,,
119,Mauritius,0.00%,0,,,,
120,Mexico,0.00%,0,,,,
121,Micronesia,0.00%,0,,,,
122,Moldova,0.00%,0,,,,
123,Monaco,0.00%,0,,,,
124,Mongolia,0.00%,0,,,,
125,Montenegro,0.00%,0,,,,
126,Morocco,0.00%,0,,,,
127,Mozambique,0.00%,0,,,,
128,Namibia,0.00%,0,,,,
129,Nauru,0.00%,0,,,,
130,Nepal,3.57%,1,,,,
131,Netherlands,3.57%,1,,,,
132,New Zealand,0.00%,0,,,,
133,Nicaragua,0.00%,0,,,,
134,Niger,0.00%,0,,,,
135,Nigeria,7.14%,2,,,,
136,North Korea,0.00%,0,,,,
137,Norway,0.00%,0,,,,
138,Oman,0.00%,0,,,,
139,Pakistan,0.00%,0,,,,
140,Palau,0.00%,0,,,,
141,Palestinian Territories,0.00%,0,,,,
142,Panama,0.00%,0,,,,
143,Papua New Guinea,0.00%,0,,,,
144,Paraguay,0.00%,0,,,,
145,Peru,3.57%,1,,,,
146,Philippines,0.00%,0,,,,
147,Poland,0.00%,0,,,,
148,Portugal,0.00%,0,,,,
149,Qatar,0.00%,0,,,,
150,Romania,0.00%,0,,,,
151,Russia,3.57%,1,,,,
152,Rwanda,3.57%,1,,,,
153,Saint Kitts and Nevis,0.00%,0,,,,
154,Saint Lucia,0.00%,0,,,,
155,Saint Vincent and the Grenadines,0.00%,0,,,,
156,Samoa,0.00%,0,,,,
157,San Marino,0.00%,0,,,,
158,Sao Tome and Principe,0.00%,0,,,,
159,Saudi Arabia,0.00%,0,,,,
160,Senegal,0.00%,0,,,,
161,Serbia,0.00%,0,,,,
162,Seychelles,0.00%,0,,,,
163,Sierra Leone,0.00%,0,,,,
164,Singapore,7.14%,2,,,,
165,Sint Maarten,0.00%,0,,,,
166,Slovakia,0.00%,0,,,,
167,Slovenia,0.00%,0,,,,
168,Solomon Islands,0.00%,0,,,,
169,Somalia,0.00%,0,,,,
170,South Africa,3.57%,1,,,,
171,South Korea,0.00%,0,,,,
172,South Sudan,0.00%,0,,,,
173,Spain,0.00%,0,,,,
174,Sri Lanka,0.00%,0,,,,
175,Sudan,0.00%,0,,,,
176,Suriname,0.00%,0,,,,
177,Swaziland,0.00%,0,,,,
178,Sweden,0.00%,0,,,,
179,Switzerland,0.00%,0,,,,
180,Syria,0.00%,0,,,,
181,Taiwan,3.57%,1,,,,
182,Tajikistan,0.00%,0,,,,
183,Tanzania,3.57%,1,,,,
184,Thailand,3.57%,1,,,,
185,Timor-Leste,0.00%,0,,,,
186,Togo,0.00%,0,,,,
187,Tonga,0.00%,0,,,,
188,Trinidad and Tobago,0.00%,0,,,,
189,Tunisia,0.00%,0,,,,
190,Turkey,7.14%,2,,,,
191,Turkmenistan,0.00%,0,,,,
192,Tuvalu,0.00%,0,,,,
193,Uganda,0.00%,0,,,,
194,Ukraine,0.00%,0,,,,
195,United Arab Emirates,0.00%,0,,,,
196,United Kingdom,7.14%,2,,,,
197,Uruguay,0.00%,0,,,,
198,Uzbekistan,0.00%,0,,,,
199,Vanuatu,0.00%,0,,,,
200,Venezuela,0.00%,0,,,,
201,Vietnam,0.00%,0,,,,
202,Yemen,0.00%,0,,,,
203,Zambia,0.00%,0,,,,
204,Zimbabwe,0.00%,0,,,,
,Total,100%,28,,,,
Q9 - What was your high school GPA (scaled on a 0 to 4.00 scale)?,,,,,,,
#,Field,Minimum,Maximum,Mean,Std Deviation,Variance,Count
1,What was your high school GPA (scaled on a 0 to 4.00 scale)?,0,4,3.92,0.36,0.13,259
Q10 - Did you take the SAT or ACT?,,,,,,,
#,Answer,%,Count,,,,
1,SAT,44.28%,151,,,,
2,ACT,55.72%,190,,,,
,Total,100%,341,,,,
Q11 - What was your SAT combined score?,,,,,,,
#,Field,Minimum,Maximum,Mean,Std Deviation,Variance,Count
1,What was your SAT combined score?,1260,1600,1492.94,81.18,6590.58,126
Q12 - What was your ACT composite score?,,,,,,,
#,Field,Minimum,Maximum,Mean,Std Deviation,Variance,Count
1,What was your ACT composite score?,26,36,33.25,2.07,4.27,177
Q13 - Do you expect to receive financial aid from Duke?,,,,,,,
#,Answer,%,Count,,,,
1,Yes,52.99%,133,,,,
2,No,47.01%,118,,,,
,Total,100%,251,,,,
Q14 - What do you estimate is your immediate family's total annual income?,,,,,,,
#,Answer,%,Count,,,,
4,"$125,000-$250,000",24.69%,60,,,,
5,"$250,000-$500,000",20.58%,50,,,,
3,"$80,000-$125,000",16.05%,39,,,,
2,"$40,000-$80,000",15.23%,37,,,,
1,"Below $40,000",12.35%,30,,,,
6,"Above $500,000",11.11%,27,,,,
,Total,100%,243,,,,
Q17 - What type of secondary school did you attend?,,,,,,,
#,Answer,%,Count,,,,
1,Private school,25.00%,62,,,,
2,Public school,72.58%,180,,,,
3,Homeschool,1.21%,3,,,,
4,Other,1.21%,3,,,,
,Total,100%,248,,,,
Q16 - Did you hire a private college admissions counselor during the admissions process?,,,,,,,
#,Answer,%,Count,,,,
1,Yes,16.53%,41,,,,
2,No,83.47%,207,,,,
,Total,100%,248,,,,
Q18 - How many colleges and universities did you apply to?,,,,,,,
#,Field,Minimum,Maximum,Mean,Std Deviation,Variance,Count
1,How many colleges and universities did you apply to?,0,30,7.81,5.5,30.21,243
Q19 - How many colleges and universities were you accepted to?,,,,,,,
#,Field,Minimum,Maximum,Mean,Std Deviation,Variance,Count
1,How many colleges and universities were you accepted to?,0,20,4.49,3.29,10.84,241
Q20 - Did you apply to Duke via the Early Decision process?,,,,,,,
#,Answer,%,Count,,,,
1,Yes,50.20%,124,,,,
2,No,49.80%,123,,,,
,Total,100%,247,,,,
Q21 - Was Duke your first choice?,,,,,,,
#,Answer,%,Count,,,,
1,Yes,64.78%,160,,,,
2,No,35.22%,87,,,,
,Total,100%,247,,,,
Q38 - Did any of your parents or siblings attend Duke?,,,,,,,
#,Answer,%,Count,,,,
1,Yes,15.04%,37,,,,
2,No,84.96%,209,,,,
,Total,100%,246,,,,
Q23 - Did you participate in any of the following extracurricular activities in high school?,,,,,,,
#,Answer,%,Count,,,,
3,Community Service,16.40%,224,,,,
2,Athletics,11.57%,158,,,,
15,Science Clubs/Competitions,7.83%,107,,,,
12,Music Clubs/Bands/Playing an Instrument,6.66%,91,,,,
16,Student Government,6.59%,90,,,,
8,Language Clubs,6.44%,88,,,,
9,Math Clubs/Competitions,6.08%,83,,,,
18,Other academic clubs (not science or math),5.71%,78,,,,
4,Cultural Clubs,5.56%,76,,,,
13,Political Clubs/Organizations,4.10%,56,,,,
11,Model UN,3.95%,54,,,,
6,Drama/Performing-Arts (not solely musical),3.73%,51,,,,
5,Debate,3.51%,48,,,,
7,Journalism,2.86%,39,,,,
14,Religious Clubs/Organizations,2.86%,39,,,,
1,Academic Quiz Bowl/Decathlon,2.56%,35,,,,
17,Visual Arts,2.49%,34,,,,
10,Mock Trial,1.10%,15,,,,
,Total,100%,1366,,,,
Q24 - Which major are you most inclined towards?,,,,,,,
#,Answer,%,Count,,,,
4,Biology,14.52%,36,,,,
16,Economics,12.50%,31,,,,
43,Public Policy Studies,9.27%,23,,,,
5,Biomedical Engineering,8.47%,21,,,,
37,Neuroscience,6.45%,16,,,,
12,Computer Science,6.05%,15,,,,
27,Global Health**,5.24%,13,,,,
8,Chemistry,4.03%,10,,,,
33,Mathematics,3.63%,9,,,,
40,Political Science,3.23%,8,,,,
34,Mechanical Engineering,3.23%,8,,,,
42,Psychology,2.82%,7,,,,
17,Electrical and Computer Engineering,2.82%,7,,,,
19,Environmental Engineering,2.42%,6,,,,
50,Statistical Science,2.42%,6,,,,
20,Environmental Sciences,2.02%,5,,,,
21,Environmental Sciences and Policy,1.61%,4,,,,
30,International Comparative Studies,1.21%,3,,,,
54,Undecided,1.21%,3,,,,
28,History,1.21%,3,,,,
18,English,0.81%,2,,,,
6,Biophysics,0.81%,2,,,,
26,Global Cultural Studies,0.81%,2,,,,
2,Art History,0.40%,1,,,,
29,Interdepartmental Major,0.40%,1,,,,
14,Dance,0.40%,1,,,,
9,Civil Engineering,0.40%,1,,,,
32,Linguistics,0.40%,1,,,,
13,Cultural Anthropology,0.40%,1,,,,
39,Physics,0.40%,1,,,,
3,Asian and Middle Eastern Studies,0.40%,1,,,,
36,Music,0.00%,0,,,,
31,Italian Studies,0.00%,0,,,,
41,"Program II (self-designed degree, BA or BS)",0.00%,0,,,,
7,Brazilian and Global Portuguese Studies,0.00%,0,,,,
11,Classical Languages,0.00%,0,,,,
44,Religious Studies,0.00%,0,,,,
45,Romance Studies,0.00%,0,,,,
46,Russian,0.00%,0,,,,
47,Slavic and Eurasian Studies,0.00%,0,,,,
48,Sociology,0.00%,0,,,,
35,Medieval and Renaissance Studies,0.00%,0,,,,
49,"Spanish, Latin American, and Latino/a Studies",0.00%,0,,,,
10,Classical Civilization,0.00%,0,,,,
25,German,0.00%,0,,,,
15,Earth and Ocean Sciences,0.00%,0,,,,
51,Theater Studies,0.00%,0,,,,
24,"Gender, Sexuality, and Feminist Studies",0.00%,0,,,,
52,Visual Arts,0.00%,0,,,,
23,French Studies,0.00%,0,,,,
53,Visual and Media Studies,0.00%,0,,,,
22,Evolutionary Anthropology,0.00%,0,,,,
1,African and African American Studies,0.00%,0,,,,
38,Philosophy,0.00%,0,,,,
,Total,100%,248,,,,
Q25 - How interested are you in Greek Life at Duke?,,,,,,,
#,Answer,%,Count,,,,
5,Not interested at all,28.23%,70,,,,
4,Slightly interested,25.00%,62,,,,
3,Moderately interested,22.98%,57,,,,
2,Very interested,13.31%,33,,,,
1,Extremely interested,10.48%,26,,,,
,Total,100%,248,,,,
Q26 - How interested are you in Selective Living Groups at Duke,,,,,,,
#,Answer,%,Count,,,,
1,Extremely interested,5.67%,14,,,,
2,Very interested,19.03%,47,,,,
3,Moderately interested,30.36%,75,,,,
4,Slightly interested,27.94%,69,,,,
5,Not interested at all,17.00%,42,,,,
,Total,100%,247,,,,
Q28 - Are you a recruited varsity athlete?,,,,,,,
#,Answer,%,Count,,,,
1,Yes,0.81%,2,,,,
2,No,99.19%,246,,,,
,Total,100%,248,,,,
Q29 - Which best describes your religion?,,,,,,,
#,Answer,%,Count,,,,
9,Agnostic,19.57%,46,,,,
1,Protestant,17.45%,41,,,,
2,Catholic,16.60%,39,,,,
8,Atheist,14.47%,34,,,,
10,Other,9.79%,23,,,,
3,Jewish,8.09%,19,,,,
5,Hindu,7.23%,17,,,,
4,Muslim,4.26%,10,,,,
6,Buddhist,2.55%,6,,,,
7,Mormon,0.00%,0,,,,
,Total,100%,235,,,,
Q30 - How religious would you say you are?,,,,,,,
#,Answer,%,Count,,,,
4,Not very religious,27.39%,66,,,,
5,Not at all religious,26.97%,65,,,,
3,Somewhat religious,24.48%,59,,,,
2,Religious,16.60%,40,,,,
1,Very religious,4.56%,11,,,,
,Total,100%,241,,,,
Q31 - How would you describe your political beliefs?,,,,,,,
#,Answer,%,Count,,,,
1,Very liberal,30.13%,72,,,,
2,Somewhat liberal,37.66%,90,,,,
3,Moderate,18.83%,45,,,,
4,Somewhat conservative,10.46%,25,,,,
5,Very conservative,2.93%,7,,,,
,Total,100%,239,,,,
Q32 - Have you done any of the following?,,,,,,,
#,Answer,%,Count,,,,
1,Drank alcohol,48.66%,127,,,,
2,Used drugs,18.77%,49,,,,
3,Had sex,24.90%,65,,,,
4,Obtained a fake ID,7.66%,20,,,,
,Total,100%,261,,,,
Q33 - Which type of computer operating system will you use at Duke?,,,,,,,
#,Answer,%,Count,,,,
1,Windows (PC),30.83%,74,,,,
2,Mac,68.75%,165,,,,
3,Other,0.42%,1,,,,
,Total,100%,240,,,,
Q34 - What type of cell phone do you have?,,,,,,,
#,Answer,%,Count,,,,
1,iPhone,82.50%,198,,,,
2,Android smartphone,16.67%,40,,,,
3,Windows Phone,0.83%,2,,,,
4,Blackberry,0.00%,0,,,,
5,A different smartphone,0.00%,0,,,,
6,A non-smart phone,0.00%,0,,,,
7,Don't use a cell phone,0.00%,0,,,,
,Total,100%,240,,,,
Q35 - How many hours each day would you say you spend on each of the following platforms?,,,,,,,
#,Field,Minimum,Maximum,Mean,Std Deviation,Variance,Count
1,Facebook,0,12.1,1.34,1.78,3.15,216
2,Twitter,0,14.79,1.06,1.8,3.26,118
3,Snapchat,0,14.48,1.9,2.24,5.03,209
4,Instagram,0,16.57,1.87,2.09,4.37,196
Q36 - How many Duke Basketball games have you watched over the past year?,,,,,,,
#,Answer,%,Count,,,,
1,0,34.44%,83,,,,
2,10-Jan,48.96%,118,,,,
3,20-Oct,11.20%,27,,,,
4,20-30,2.49%,6,,,,
5,31+,2.90%,7,,,,
,Total,100%,241,,,,
Q37 - Do you plan to tent during your freshman year?,,,,,,,
#,Answer,%,Count,,,,
1,Definitely yes,15.83%,38,,,,
2,Probably yes,28.75%,69,,,,
3,Might or might not,40.00%,96,,,,
4,Probably not,12.08%,29,,,,
5,Definitely not,3.33%,8,,,,
,Total,100%,240,,,,
Q1 - Topics,,,,,,,
Unable to export widget. Please contact Qualtrics Support.,,,,,,,